,churn
3144,0
9939,0
7925,0
309,0
9415,0
7765,0
7436,1
1725,0
7897,0
2319,0
5216,0
2984,0
3009,0
6228,0
7047,0
5372,0
1595,0
1618,0
2771,0
4292,1
7471,0
608,0
4318,0
1103,0
3168,1
2079,0
5047,0
5939,0
7078,0
1590,0
3684,0
8469,0
1931,1
3081,0
8394,0
8845,0
6079,0
6401,0
9165,0
7689,0
4914,0
4412,0
4634,1
5167,1
9068,0
4770,0
1548,0
2602,0
2376,0
3734,0
8012,0
4127,1
2367,1
2030,0
7079,0
1388,1
8575,0
9862,0
585,1
2580,1
5730,0
7023,0
961,0
3110,1
9329,0
8783,1
5948,0
4728,0
7717,0
3139,0
8725,0
5844,0
8879,0
5886,0
9494,1
2616,0
2368,0
1975,0
3475,0
9219,0
2440,0
9908,0
3406,0
8558,0
9804,0
3388,0
7614,0
7626,0
754,0
9956,1
2107,0
1275,0
4863,0
97,0
9041,0
7848,0
2785,1
2551,0
9767,0
6374,0
103,0
5620,0
658,0
1957,1
2879,1
5356,1
4027,0
8017,0
4153,1
1906,0
5697,0
6498,0
390,0
2986,0
6394,0
8016,0
3233,0
785,0
4354,0
289,0
967,0
6100,0
9599,0
6186,1
7496,0
5251,0
7356,0
8556,0
9161,0
6953,0
1581,0
1977,1
9548,0
4508,0
8279,0
6445,0
6349,0
2044,0
1690,0
5995,0
8009,0
4003,0
3758,1
6448,0
2405,0
629,0
2029,0
756,0
630,1
7146,0
5441,0
9076,0
319,0
5162,0
4697,1
5495,0
6539,1
238,1
4440,0
3010,1
6252,0
9662,0
9391,0
829,0
5004,1
5665,0
7745,0
5577,0
3777,0
3827,1
5433,0
8278,0
2,1
1511,0
4874,0
6777,0
3403,0
8839,0
4218,1
6992,1
6091,0
4213,0
5439,0
1818,0
2263,0
6975,0
3114,1
5098,0
9562,0
9723,0
1059,0
3354,0
674,0
3643,0
927,0
9836,0
1000,0
45,0
995,0
5800,0
5769,0
3357,0
7729,1
1673,0
2542,1
2441,0
9847,0
1321,0
2097,0
5942,1
1349,0
3133,0
8612,0
9961,0
9959,0
5026,0
503,0
1846,0
8245,0
2390,0
8624,0
2232,0
3955,0
3200,0
3292,0
2868,1
9488,0
9446,0
767,1
4917,0
7441,0
2895,0
4691,0
9609,0
4969,0
5741,0
8562,1
2859,0
6569,1
6439,1
2001,0
2176,0
8456,0
2935,0
9083,0
7721,0
9538,0
601,0
7748,1
8633,0
6037,0
7735,1
3145,1
3618,1
2314,0
5556,0
8791,0
6652,0
5168,0
804,0
5619,0
4844,0
6611,0
1644,0
2453,0
1477,0
3791,0
4871,0
4240,0
1060,0
8942,0
2075,0
3461,0
552,0
9522,0
8203,0
5116,0
5621,0
6947,0
2866,0
4791,0
2750,1
5624,0
8478,0
4448,0
3147,0
4194,0
2774,0
2957,1
477,0
9581,0
4099,0
783,0
1917,1
594,0
4478,0
7377,0
6502,0
8406,0
3966,0
4643,1
4673,0
7562,0
1370,0
1981,0
8789,0
6016,0
3321,0
6768,0
2207,0
6926,0
2531,0
3633,0
1589,0
4505,0
1091,0
1457,0
1243,0
5832,0
4510,0
518,1
3374,0
1772,0
6930,0
7883,0
8191,0
9347,0
8411,0
2955,0
4211,1
4965,0
3658,1
4882,0
4149,0
3157,0
2308,0
8915,1
5208,0
6844,0
5502,0
1888,0
2609,0
4284,0
9960,1
2248,0
1918,0
9213,0
8258,0
2355,1
6809,0
8688,1
4659,0
2422,0
3294,1
7069,0
9928,0
5199,0
3950,0
11,0
1061,0
8808,1
271,1
4349,1
1254,1
5273,0
7291,1
8192,0
3844,0
1074,0
1085,1
6170,0
6959,0
2648,0
2734,0
4732,1
2794,1
4846,0
3436,0
7392,0
5898,0
7483,1
5847,1
2486,0
8927,0
8638,0
5629,0
8584,0
9313,0
4878,0
1962,1
1357,0
4533,1
1518,0
7373,0
8925,0
5969,0
7702,0
8490,1
6952,0
4579,1
2417,0
5950,1
8040,0
5924,0
2063,1
1734,0
7575,0
5468,0
6744,0
2826,0
2421,0
9113,0
6261,0
557,1
7500,0
5154,0
9425,0
2711,0
8838,1
9934,1
9812,0
2019,0
1003,1
9237,1
6528,0
2510,0
1987,1
1202,0
3969,1
8320,0
3404,0
780,0
2571,0
3808,0
9321,1
4335,1
7461,0
2939,1
993,0
6293,0
3390,0
772,0
471,1
437,0
7318,0
812,0
2337,0
2822,0
6727,1
7593,0
8398,1
6842,0
9658,0
1090,0
3733,0
701,0
9461,0
4304,0
1835,0
3903,0
2430,1
3036,0
1123,1
3775,0
2312,1
8716,0
5943,0
4802,0
8493,1
5667,0
9140,0
7659,0
2767,0
242,0
5430,0
290,0
2631,0
3785,0
4627,0
8849,0
4457,0
4212,0
4958,0
8164,0
5896,0
2018,0
3169,0
586,1
2901,0
6574,0
7213,1
6784,0
1626,1
1171,1
1298,0
8342,0
5404,0
5518,0
8588,0
3666,0
8677,0
6769,0
231,0
8518,1
4906,0
7530,0
8795,1
6537,0
116,0
8968,0
5019,1
633,0
1369,1
3220,0
6126,0
5532,0
440,0
5001,0
6978,0
1246,0
969,0
8593,0
9238,0
3508,0
9162,1
5023,0
215,1
5192,0
9012,0
59,0
898,1
3822,0
9644,0
3420,0
5480,0
68,0
9777,0
8161,0
4919,0
6157,0
7966,0
9852,1
1405,1
2062,0
8436,0
9132,0
9829,0
171,0
6145,0
7256,0
5296,1
8218,0
2581,0
6112,0
2948,0
1879,0
6907,0
1984,0
963,1
8527,0
1500,1
3489,0
3629,0
7553,0
1308,0
9460,0
4895,0
7893,0
4237,0
3773,0
1620,0
8130,0
7716,0
6869,1
6411,0
1964,1
7501,0
7348,0
3364,0
9168,0
8117,1
3303,1
7860,0
4953,0
6440,1
8357,0
8037,0
6619,0
63,0
5661,0
7849,0
3973,0
8727,0
8155,0
2140,0
3674,0
3831,0
4011,0
3904,0
1242,0
3599,0
2605,0
4081,0
5516,0
8761,1
5108,0
7815,0
3659,1
941,0
1278,0
1611,1
1198,0
3162,0
9302,0
7635,0
1800,0
6066,0
4704,0
9707,0
1762,0
6162,0
1070,1
4214,0
3050,1
972,0
5042,0
6265,0
3589,0
8814,0
3588,0
2466,0
6004,0
1318,1
6231,1
9336,0
7273,0
6473,0
513,0
8975,0
3382,0
7218,0
219,1
9332,1
7726,0
7738,0
4930,0
9227,0
3682,0
3031,0
8841,0
4029,0
2818,0
6846,0
684,0
6133,0
5717,0
1181,0
718,0
9575,0
6626,0
5289,0
1062,1
4096,0
5674,0
5080,0
4185,0
4957,0
9057,0
7040,0
2134,0
2875,0
892,0
775,0
224,1
556,0
4740,0
5172,0
1490,0
4839,1
867,1
3472,0
3898,1
7412,0
2257,0
5930,0
2668,1
9197,0
2937,0
9655,0
3410,0
2569,0
3383,0
2141,1
427,0
6379,0
882,0
3805,0
6515,0
6316,0
9982,1
6759,0
9639,0
9045,1
4302,1
1488,1
4812,0
5101,0
6060,1
9437,0
2703,1
8283,0
6629,0
5551,0
5692,0
1791,0
4834,1
2125,0
902,0
8049,1
5944,0
3803,1
3757,0
7675,0
4941,1
1179,0
4551,1
3225,0
7375,0
8530,0
1430,0
2133,0
1260,1
3148,1
5121,0
3548,0
9390,0
4038,1
9725,1
6179,0
2706,0
551,1
2680,0
5878,0
5833,1
3868,0
4826,0
9203,1
9009,0
6459,0
864,0
3116,0
4334,0
5451,0
8590,1
7106,0
5973,0
9393,1
4968,0
5050,0
7145,0
3400,0
2930,0
9248,0
7159,1
4948,0
3376,1
3493,0
8308,0
2714,0
3454,0
3238,1
5564,0
6617,0
5586,0
897,0
8685,0
6932,0
4653,1
43,1
8265,1
2796,0
7989,0
9962,1
4467,0
6259,0
6467,1
1185,0
4324,0
6850,0
7299,0
4139,0
6493,0
9878,0
5471,1
2526,0
1474,0
9654,0
6384,0
9485,0
6437,0
6586,0
916,1
7814,0
71,0
7881,0
5956,0
2700,0
3602,0
3760,0
997,0
4522,0
6389,0
2435,0
6558,0
4281,0
6958,0
2619,1
3449,0
2686,0
363,0
7481,0
2259,0
4751,1
6564,1
6207,0
9361,0
7337,1
8621,0
4135,0
4223,1
8670,0
9764,0
9344,0
7999,0
9848,0
5860,0
9588,0
9118,0
8272,0
1786,1
5575,0
6750,1
7434,0
6169,0
3098,0
7445,1
8010,1
4701,0
7621,0
9668,0
990,0
1926,0
6403,1
5531,0
8309,0
1323,1
4080,1
8153,1
1336,0
1674,1
4450,0
6522,0
4300,0
8284,0
2600,1
7067,0
1676,1
9600,1
5558,1
693,0
9019,0
2516,0
2646,0
2823,0
7767,1
4549,1
6712,0
4061,0
6966,0
1635,0
4347,1
9946,0
1355,0
1863,0
6599,1
1520,1
2787,1
112,0
411,0
4473,0
405,0
4385,0
2408,0
6076,0
5757,0
6986,0
3418,0
7886,0
849,0
3344,0
5681,0
9186,0
8511,0
3766,0
300,0
1855,1
3891,0
5812,0
5819,0
4290,0
3994,0
8920,0
5253,0
132,0
2525,0
8150,0
6109,1
8969,0
3520,1
1597,0
4474,0
2284,0
9915,0
5156,0
9754,0
2148,0
8919,0
6887,0
6568,0
5219,0
3441,0
5066,0
7102,0
7179,0
9794,0
8057,0
8204,0
255,0
5666,1
7449,0
3640,0
5585,0
4907,0
3748,0
2753,0
3525,0
7906,0
6104,1
1952,0
2956,0
3976,0
9734,0
4208,0
2645,0
2189,0
5268,0
3379,0
547,0
2639,1
9235,0
9043,0
163,0
8509,0
79,0
8883,0
6636,0
1189,1
5408,0
4476,0
9226,0
1727,0
2670,1
8585,1
1316,0
822,0
9886,0
8998,0
1461,0
9782,0
7880,0
5539,0
597,0
8966,0
3021,0
9388,0
5180,0
9078,1
3857,0
5941,0
9966,0
8354,0
9382,0
3883,0
9051,0
9137,0
2885,0
1793,0
7378,0
9414,1
8407,0
9696,0
509,0
621,0
7681,1
4265,0
5922,1
619,0
6894,0
6789,0
824,0
5802,0
1228,0
4705,0
815,0
2559,0
1661,0
7400,1
5288,0
6725,0
7768,0
5614,0
9758,0
3566,0
3214,0
8823,0
315,0
606,0
2812,0
6600,1
8162,0
4380,1
2718,0
896,0
668,0
3721,0
9455,0
134,0
4339,0
4242,1
5349,0
8751,0
1650,0
6378,1
4031,0
1112,0
8196,0
6456,0
2674,0
1247,0
1133,0
626,0
9680,0
6754,0
4835,0
1915,0
559,0
4428,0
6535,0
130,0
225,0
4911,1
2485,0
7288,0
9984,0
3550,0
1043,0
875,0
339,1
2663,0
235,1
5913,0
61,0
4499,0
3130,1
2254,0
2517,0
5469,0
6836,0
8202,0
869,0
5679,0
7013,0
1719,0
9702,0
8506,0
9348,0
2011,0
8275,0
1287,0
4614,0
160,0
5220,1
110,0
5804,1
9320,0
4409,1
9652,1
7812,0
8881,0
680,0
8330,0
6152,0
755,0
409,0
7782,0
7480,0
5112,0
2025,0
6720,0
4896,0
2538,0
2384,0
165,0
9953,0
947,1
852,0
6824,0
2156,0
915,0
8903,0
9825,1
5374,0
8536,0
4783,0
8468,0
4426,0
4859,0
1867,0
1714,0
2225,0
9192,0
735,0
6263,0
4806,0
2841,0
4340,0
4227,0
8949,0
729,1
8235,0
8069,0
7393,0
6951,1
7772,1
3368,0
380,0
5897,0
6888,0
7561,0
9319,0
3278,0
6400,0
5340,0
4709,0
3242,0
6659,0
7877,1
3813,0
1375,0
2083,0
8430,0
578,0
3703,1
6362,0
8731,0
6637,0
4657,0
2009,1
146,0
3336,0
7795,0
9044,1
3510,0
5990,0
4514,0
8665,0
8228,0
9624,1
2633,0
9673,0
722,0
1125,0
434,0
6996,0
335,1
9360,0
6575,1
6500,0
1458,0
3952,0
3001,0
8147,1
1640,0
6579,0
4537,0
6095,0
1266,0
8431,0
8317,0
9003,0
6889,0
8225,1
9849,0
3825,0
4707,0
9637,0
6883,0
3043,0
2511,0
3556,1
9810,0
6421,0
750,0
3531,1
4619,1
3887,0
847,0
910,0
8799,0
2642,0
1459,1
4460,0
3653,0
7637,0
162,0
2928,1
2077,0
6148,0
3164,0
814,0
7119,0
6667,0
8999,0
1365,1
2424,0
9692,0
2371,0
655,0
7618,0
6414,0
8557,0
5788,1
9863,1
2695,1
3437,0
5911,0
6000,1
4654,1
1400,0
7670,0
3502,1
3361,0
124,0
2317,0
4938,0
9971,0
1999,0
7526,0
7851,1
9590,0
8290,0
7276,0
4575,0
1765,0
2155,0
7199,0
745,0
843,1
642,0
3625,0
3848,0
3724,1
5064,0
3006,1
6307,0
1097,0
9850,0
3012,0
6344,0
6987,0
343,0
862,0
8050,0
5688,0
403,0
3771,0
9965,0
8144,0
2749,0
6238,0
9291,0
2149,1
1794,0
4270,0
1973,0
2582,0
9472,0
6692,0
5874,0
9760,0
240,0
8867,0
4686,1
7769,0
2564,1
4702,0
9204,0
5652,0
8592,0
1916,1
3265,0
4946,1
7939,0
8237,0
3457,1
9540,1
3181,0
7430,0
8334,1
928,0
5967,0
7711,1
5994,0
9316,1
9465,0
1039,0
5560,0
3608,0
8851,0
8443,0
3880,0
464,0
115,0
2682,0
2988,1
1889,0
237,1
3918,0
5675,0
3498,0
9931,0
48,0
8780,1
72,0
5733,1
4157,0
7428,0
3678,0
8611,0
7085,0
9837,0
4639,0
4694,0
5782,0
4607,1
6976,0
4086,0
6325,1
1848,0
4141,0
8328,0
5952,1
743,1
2519,0
614,0
6584,0
5097,0
6971,0
6051,0
211,0
1576,0
1544,0
6377,1
5893,0
9251,0
5703,0
2773,0
4668,0
1204,0
8598,0
8014,0
4633,0
7808,1
2576,0
5524,0
5501,0
3709,1
193,0
254,0
8873,0
8520,0
5364,0
2026,0
5980,0
9096,0
1513,0
1137,0
3033,0
9358,0
4359,0
8201,0
5718,0
7025,1
5021,0
9184,0
1065,1
3570,1
3532,1
9681,0
7596,0
414,0
7792,0
406,1
7928,0
6241,0
2731,0
1683,0
7320,0
8990,0
3013,0
647,0
6604,0
7015,0
6505,1
7850,0
9551,0
5698,0
5925,0
6840,0
3789,0
712,0
5105,1
131,0
8,0
8521,0
5266,0
885,0
4094,0
8651,0
4641,0
6872,0
778,0
532,0
7009,0
7262,0
9070,0
1583,1
4936,1
1045,0
4665,0
3571,0
3605,0
98,0
8898,0
3706,0
4721,0
5714,0
1386,0
1623,0
6121,0
65,0
9728,1
7777,0
4516,1
2781,1
6724,1
4570,0
2211,0
4766,0
1201,1
7469,0
3408,0
6902,0
6807,0
95,0
4964,1
7565,1
7951,0
8385,0
6864,1
8616,0
7930,0
3492,0
1027,0
7673,0
5456,0
9327,0
7402,0
5383,0
9558,1
4858,0
3479,0
5293,0
2589,0
8477,1
4106,0
9974,0
1802,0
9149,0
554,0
5292,0
7862,0
6994,0
3772,0
4375,0
5603,0
6797,0
500,0
1741,0
8367,0
6204,0
671,0
3644,0
3095,0
3097,0
7076,0
9811,0
6290,0
4103,0
7954,0
6324,1
9957,0
8595,1
8958,0
2897,0
2836,0
7054,0
5638,0
4230,0
2359,0
7538,0
5606,1
4314,0
6226,1
6420,0
8548,0
1055,0
3197,0
9380,0
9328,0
4687,0
9397,0
5867,0
7695,1
4495,0
5233,1
6668,0
3256,0
6045,0
5825,1
734,1
5395,0
9802,0
1263,0
3869,0
3464,0
1502,0
2166,0
5684,0
9902,0
120,0
1537,0
6330,0
4534,0
148,0
3790,1
7747,0
5935,0
7319,0
6461,0
4249,0
5217,0
3385,1
9843,0
3769,0
6615,0
3317,1
4066,0
6989,0
5398,1
5285,1
6080,1
3485,1
2318,0
4865,0
9533,1
2238,0
7371,0
5450,0
1890,0
3338,0
6491,0
4126,0
46,1
5077,0
8641,1
6655,0
6731,0
1106,0
6449,1
8944,0
7712,0
8100,0
7713,0
5754,0
3193,1
528,1
3339,1
8442,0
3947,0
8620,0
9943,0
4356,0
8448,1
6102,0
144,1
689,0
4023,0
5051,0
6198,0
3922,0
3290,0
1186,0
9136,0
2218,0
3176,0
67,0
1665,0
4528,0
7194,0
1121,0
410,0
4475,0
9697,1
4391,0
7494,0
6167,0
6067,0
6426,0
3477,0
2351,1
726,0
4415,0
587,0
1310,0
5488,0
7511,0
353,0
6785,0
1075,0
4952,0
4796,0
9616,0
1747,0
2325,0
5419,1
9196,0
9622,0
2881,0
443,0
4394,0
4111,0
9733,0
8753,0
4047,0
2766,0
4831,0
3617,1
4998,0
184,1
6030,0
2098,1
4651,0
6561,1
5486,0
989,1
7657,0
1965,1
835,0
3964,1
9050,0
5618,0
4587,0
1206,0
1451,0
9549,0
1991,0
9838,1
5202,1
4809,0
7917,0
6332,0
7891,0
4285,0
1767,0
3663,1
4316,1
5509,0
4175,1
7498,0
8748,1
5862,0
6409,0
9704,0
8578,0
1073,0
3699,0
4741,1
2788,0
6509,0
7289,0
4255,0
6098,0
2119,0
9536,1
4261,0
9036,0
4319,0
8560,0
9370,1
6110,0
9516,0
973,0
7855,0
3972,0
9383,0
33,0
2115,1
8435,1
138,1
3274,1
2227,0
4353,0
9894,0
7929,0
2493,0
9826,0
2073,0
7110,0
9241,0
1240,0
5590,0
3909,0
8289,0
8347,1
7859,0
7829,0
7024,0
1105,0
7472,0
9097,0
1619,0
1394,0
1704,0
258,0
7646,0
6101,1
8451,0
1290,0
6596,1
2728,0
4921,1
4289,0
9434,0
8835,0
2242,0
3401,0
6677,0
8669,0
7365,1
5392,1
3621,0
3257,0
1774,0
9264,0
2336,1
511,0
1302,0
3275,0
2792,0
5856,0
9675,0
245,1
944,0
3378,0
6845,0
6250,0
7293,0
2039,0
9052,1
9519,0
5555,0
5534,0
8831,0
1416,0
3377,1
4734,1
2798,0
8776,0
4996,0
8806,0
2614,1
616,0
1648,0
7397,1
1945,1
6607,0
9564,0
3230,0
5490,0
417,0
3999,0
6485,0
3504,0
8863,1
3517,0
2445,0
5813,0
5179,0
4553,0
768,0
1617,0
595,0
6674,0
6726,1
589,1
6713,1
2601,0
6732,0
5212,1
4782,0
853,0
6199,0
4608,1
1259,0
2431,1
9426,1
301,0
7192,0
198,0
4260,1
8736,0
8687,0
3585,0
3266,0
3696,0
2420,0
1383,0
3329,0
8889,0
247,0
4699,1
5710,0
3614,0
6338,0
398,0
654,0
1615,0
1076,0
4978,0
4558,0
4254,0
4989,0
8706,1
2659,1
665,0
3346,0
8114,0
7634,0
8370,0
3221,0
4456,0
327,1
35,1
2579,1
1816,0
5938,0
6798,0
1411,0
3399,1
9156,1
5195,0
7643,0
2488,0
6921,0
2036,0
7482,0
8519,0
36,0
9218,1
1997,0
1547,0
5680,1
3586,0
794,0
8078,0
7668,0
1656,0
5200,0
841,0
6059,0
333,1
2611,0
8952,1
9604,0
9783,0
9860,0
6298,1
3422,0
9531,0
7090,0
1371,0
7543,0
2704,0
3763,1
8807,1
1229,0
9366,0
711,0
7707,0
2502,0
7504,1
5801,1
6295,1
9376,1
2150,0
2768,0
5721,1
1182,1
9700,0
6576,0
7761,0
6435,0
709,0
8850,1
8787,0
6985,0
3616,1
4468,0
6964,1
1873,0
8778,0
6897,1
1424,1
1886,0
3323,0
5269,1
6503,0
6166,0
1532,0
1219,1
7211,0
5771,0
3415,1
777,1
5637,0
4876,0
6866,0
5595,0
6609,0
2671,0
3908,0
9141,0
5894,0
261,0
1084,0
9152,0
1025,0
591,0
5920,0
6835,0
4986,0
9972,0
8176,0
7664,0
3308,0
831,0
3583,1
6464,1
6856,0
9479,0
7497,0
9572,1
1685,1
2782,0
1780,0
3879,1
5330,0
8061,0
8087,0
596,0
4338,0
2591,0
5005,0
6693,0
6717,1
9746,0
3824,0
1643,0
1998,0
7334,0
6336,0
900,1
77,0
7433,1
2689,1
8660,0
6973,0
3836,1
3596,0
9721,0
842,0
2153,1
119,0
3624,0
4369,0
92,0
6255,1
8366,0
2231,0
8088,1
4677,1
6679,0
9498,0
5422,0
4682,0
7129,0
9127,1
50,0
2343,0
5316,0
6172,1
8452,1
8051,1
9422,0
1272,0
2763,0
5002,1
696,1
6919,0
2410,0
807,0
1574,0
8707,1
9737,0
8829,0
2613,0
9552,0
3830,0
9416,0
2577,0
2130,0
8264,0
7387,0
6504,0
9457,0
9945,0
3895,0
9977,0
189,0
9585,0
3801,0
3000,0
5018,1
7208,0
9925,0
82,0
929,0
1642,0
2500,0
3694,1
8379,1
9890,0
7592,0
2114,0
2377,0
5909,0
7190,0
4524,0
2761,0
4366,0
5645,1
2348,0
1501,0
5277,0
1992,0
7857,0
5130,0
5317,0
5102,0
1540,0
3793,1
2461,0
1312,1
5163,0
425,0
463,1
9684,0
1432,0
4816,0
2220,0
4972,0
1588,0
7031,1
4306,0
2824,0
336,0
1139,0
8126,1
9430,0
7281,1
7816,0
5483,0
2864,0
7339,1
5010,1
7589,0
4209,1
7751,0
3993,0
1166,0
3350,0
1807,1
5671,0
4664,0
1094,0
4949,0
3428,0
8004,0
7217,0
8157,0
118,1
9532,0
7588,0
488,0
9303,0
2217,0
6950,0
4180,0
1790,0
208,1
5814,0
4388,0
9410,0
4298,0
5428,0
2804,0
5498,0
1152,0
1037,0
499,1
1631,1
3362,0
3739,0
485,0
3222,0
7413,0
637,0
838,1
3268,1
553,0
7396,1
2035,0
4377,1
6251,0
7536,1
4463,1
5065,0
9362,0
9877,1
6008,0
5690,0
7672,0
1810,0
6005,0
8496,0
8741,0
9439,0
3282,0
9265,1
2465,0
2049,1
1160,1
9179,0
7492,1
9954,0
6776,0
7487,1
3348,0
5249,1
5566,0
357,1
5964,0
1322,0
6915,0
4063,0
7292,0
3671,0
8567,0
8797,0
6310,0
648,0
7952,0
3874,0
3071,0
2998,0
3957,1
1936,0
5159,0
3117,0
4370,0
5171,0
1148,0
7193,0
428,0
3473,1
1122,1
4174,0
7011,0
2754,0
8329,0
9567,0
4136,1
1573,0
1651,1
1552,0
8535,1
9595,0
25,0
1726,0
6111,0
2712,0
1463,0
4176,0
3750,0
8071,1
7335,0
5694,0
7311,0
7175,0
210,0
8836,0
385,0
5003,0
1564,0
9095,0
4049,0
1861,0
6886,0
727,0
4621,0
4068,0
1419,0
7927,1
6511,1
8297,0
6821,1
8826,0
8940,0
1607,0
1546,0
8135,0
9499,0
3179,0
4901,1
6346,1
2737,0
9603,0
7184,0
5768,0
6366,0
9722,0
590,1
7021,0
5744,0
6853,0
8549,0
4485,0
5734,0
1017,0
8250,0
1783,0
4408,0
4717,0
1764,0
9839,0
7567,1
8104,0
9092,1
6779,1
8220,1
6605,0
7086,0
9623,0
5431,0
4688,0
8906,0
9445,1
5542,1
9478,1
3863,0
6494,0
7770,0
5526,0
4465,0
7372,0
839,0
986,0
9271,0
8077,0
6201,0
5765,0
1467,0
7983,0
1478,1
7943,1
2537,0
9287,0
1869,0
3843,1
4755,0
9067,0
6898,0
2853,1
3466,0
6708,0
7602,0
7611,0
4624,1
4931,0
8360,0
7113,0
3519,1
682,0
4452,1
9418,0
832,0
3870,0
1144,1
5910,0
1210,1
2193,0
8824,0
8630,0
4244,0
9463,0
5465,0
3094,0
3818,0
4893,0
6239,0
8023,0
7665,0
53,1
6351,0
1422,0
9354,0
1195,0
9310,0
3351,0
7944,1
5538,0
2617,1
9922,0
8857,0
5472,0
6541,0
9781,1
1395,0
2685,0
3203,0
2316,1
7367,0
771,0
8524,0
2099,0
9586,0
4497,1
5054,0
6063,0
5565,0
393,1
3930,1
8346,0
2302,0
5993,0
856,1
6256,1
2963,0
1440,1
8141,0
2651,0
8461,0
9476,0
2722,0
7345,0
5923,1
7421,0
1284,0
6132,0
7066,0
948,0
1028,0
3051,0
931,0
6969,0
574,0
166,1
212,0
1392,0
2811,0
5888,1
7510,0
142,0
1049,1
3030,0
7940,0
8653,0
2592,0
8165,0
8525,0
2411,0
3389,1
8758,0
1853,0
1827,1
8457,0
3122,0
5041,0
1155,0
5454,0
9991,1
283,0
9300,0
8047,0
9317,1
1695,0
9867,0
9736,0
3299,0
2277,0
4350,0
1397,1
8015,0
3014,0
4491,0
8967,0
5642,0
7623,0
5194,0
2546,1
3753,0
1281,1
8843,0
3533,1
9868,0
2598,0
2061,0
8953,1
7856,0
6424,1
1064,0
7520,0
5843,0
6271,1
1398,1
2433,0
8544,0
1856,1
3366,0
7374,1
1437,0
2715,0
3151,0
6622,0
6536,0
6123,0
2081,0
3090,1
7123,0
9856,1
8132,0
9046,0
5086,0
2182,0
8579,0
9701,0
1069,1
1693,0
7728,0
2809,0
7975,0
4444,0
9334,0
5708,0
1715,0
2360,0
4929,0
5111,0
125,1
3423,0
8395,0
7916,0
3784,0
7523,0
3958,0
4363,0
1824,0
7014,0
6860,1
7366,0
3965,0
1471,0
958,0
2892,0
2697,0
3804,0
9399,0
3499,0
3667,0
3702,0
5545,0
4330,0
6187,0
2769,1
1358,0
1014,0
4225,0
392,1
4362,0
4287,1
9467,0
4603,0
6323,0
2570,0
6229,0
9477,1
4736,0
2978,0
1604,0
7986,0
217,0
2460,1
4414,0
5027,0
8064,0
7581,0
1970,0
7052,0
4999,0
1612,1
6345,0
312,0
3175,1
4010,0
3649,0
3057,0
4502,1
2458,0
8896,0
6863,0
8177,0
316,1
6205,1
8924,0
700,0
8341,0
3195,0
7464,1
2005,1
1905,0
7141,0
9223,0
5384,0
114,1
5583,0
3353,0
7125,0
1571,0
2604,0
8526,0
6662,0
2530,1
4722,0
2326,0
2791,0
2245,1
5695,0
8689,0
1584,0
3842,0
9252,0
2503,0
7683,0
7709,0
1238,0
7121,0
4263,0
7885,0
688,1
670,0
7798,0
2230,0
7608,0
2330,0
7830,0
1754,0
4527,0
6234,0
5729,0
8769,0
4785,0
2059,0
6457,0
1912,1
4792,0
3603,1
2644,0
7485,0
7488,0
4120,0
3039,0
6665,0
1989,0
3391,0
3421,0
5449,0
5152,0
1792,0
5738,0
5475,0
7570,1
1724,0
21,0
3442,0
8609,0
8133,0
6303,1
6161,0
615,1
736,0
1019,0
2271,0
4058,0
9578,0
1443,1
564,0
4226,0
7577,0
7312,0
9176,0
6313,0
4542,0
3864,0
6216,0
4565,0
8243,0
3288,0
9568,0
387,0
6130,0
1120,0
4652,0
5302,0
579,0
5038,0
9194,0
4077,0
2234,1
5928,0
9929,0
1832,0
825,0
8405,0
3286,0
1797,1
9401,1
6623,0
9975,1
6684,1
173,0
478,0
7875,0
5658,1
4400,1
5375,0
2010,0
1668,0
7109,0
3480,1
1078,0
8937,0
2124,1
4299,0
4271,0
3381,0
3580,0
2949,0
9158,0
8846,0
6174,0
6441,0
7741,0
4156,0
6404,1
1698,0
6339,0
8097,1
2730,0
4933,0
7642,0
7532,0
2389,0
6501,0
8212,1
4108,0
5588,0
8768,1
6876,0
5240,0
7083,0
7139,0
8296,0
4462,1
4589,0
8902,0
7197,0
5815,0
6291,0
9233,0
2950,0
9776,0
7416,0
4521,0
275,0
6878,1
3701,0
1819,0
2933,0
4753,0
2574,1
4987,0
6299,0
9809,1
1134,0
9155,0
9387,0
4155,0
7360,0
6900,0
8702,0
6651,0
6407,1
5283,0
1900,0
7450,0
627,0
4148,0
2916,1
4772,0
8324,0
3392,0
233,0
7517,1
3142,0
5655,1
3280,1
7234,0
5723,0
4764,0
9790,0
4458,0
9612,0
2779,0
4368,0
9145,0
3770,0
9636,1
5931,1
9208,0
6486,0
5377,0
2677,0
5319,0
9940,0
7295,0
3691,0
9571,1
5527,0
9525,1
164,1
6627,1
8390,1
2471,0
1983,0
1237,0
9621,0
1736,0
100,0
7757,0
9266,0
9033,0
2780,0
8989,0
6214,0
3954,0
62,0
5519,1
8082,0
996,0
5164,0
2087,1
9428,0
6748,0
3259,0
7785,0
5536,0
178,0
4118,0
7941,0
297,1
7921,0
7117,1
9897,0
5522,0
8119,1
901,0
9992,0
6939,0
5511,0
2457,0
8577,1
6587,0
4780,0
8259,0
3304,0
7826,1
3443,1
9653,0
6278,0
8026,0
1187,1
9791,1
3689,0
3236,0
999,0
6831,1
2244,0
9594,0
1770,1
8686,0
8348,1
6506,1
5030,0
7049,1
7269,1
3929,0
7701,1
3143,0
6108,0
5676,0
52,0
105,1
7619,0
980,0
3609,0
921,1
5147,0
9649,0
1079,0
1820,0
6734,1
6534,0
1729,0
2858,0
9429,0
2216,0
9518,0
1955,1
2128,0
3714,0
6981,1
6873,0
4189,0
8383,0
3253,0
4245,0
7909,1
1353,0
7092,0
7385,0
8307,0
4592,1
8886,0
669,0
698,0
6208,0
7773,1
2539,1
1686,0
7401,0
6160,0
5493,0
375,0
8964,0
7628,0
8674,1
1566,0
8568,0
6096,0
161,0
2951,1
2707,0
2649,0
3587,0
8781,0
7342,0
8901,0
3497,1
7027,0
2710,0
5644,0
9981,1
6237,0
8979,0
8704,0
4161,0
280,0
9315,0
3091,0
5437,0
7563,0
7307,0
472,0
6935,0
3783,1
8636,1
510,0
3515,0
1068,1
8923,1
6176,0
6620,0
6933,0
9269,0
1534,1
4417,0
9195,1
4013,1
9527,1
7905,0
4923,0
5998,0
2450,0
7649,0
7200,0
6928,1
1781,0
9035,0
9660,0
6003,0
8060,1
3487,0
2468,0
2790,0
2676,1
6140,0
632,0
8085,0
3630,0
4336,1
720,1
9693,1
2890,0
7725,0
1961,0
5743,0
1013,0
9738,1
5276,0
9958,0
2775,1
1304,0
9769,0
1022,0
3559,1
1063,0
5872,0
9104,1
1086,1
4681,0
3067,0
3251,1
5693,0
6745,0
2684,0
4926,0
1646,1
7091,1
565,0
1561,0
1381,1
1495,0
800,0
3083,1
8154,1
9899,0
9900,0
3819,1
8513,0
6215,0
6240,0
395,0
5245,0
8311,1
2527,0
93,0
3809,0
6390,0
2882,0
8842,0
1428,0
5623,0
6454,0
5763,0
5508,0
7923,0
6041,0
1261,0
7571,1
533,0
909,0
7271,0
873,0
5963,0
2475,0
8174,0
860,1
5,1
5842,0
5044,0
859,1
7583,0
6758,0
287,0
3794,0
1486,0
3685,0
2496,0
6074,0
1410,1
4769,0
5267,0
6540,0
2042,0
9311,1
5412,1
2702,0
6937,0
413,1
7359,0
7706,0
4568,0
2291,0
5579,0
1096,1
2532,0
3755,0
5580,0
9526,0
4401,0
8059,0
987,1
3798,0
7682,0
883,1
9170,0
6058,1
6549,0
3028,0
6691,0
6436,0
487,1
6460,0
4944,0
8062,1
4337,0
9885,0
9543,0
3459,0
3037,0
4868,0
4119,0
453,0
6829,0
7084,1
8739,0
1823,1
7008,1
2959,0
1273,1
2175,0
1995,0
6171,0
9451,1
8719,0
1169,0
7971,0
399,1
6737,0
3129,0
8351,0
2912,1
1858,0
1784,0
2293,1
4650,0
179,1
8893,0
8193,0
3727,1
7907,0
64,0
7055,0
2142,0
7846,0
4014,1
6610,0
8960,1
7302,0
1255,0
7370,0
1456,0
5837,0
1933,0
3935,1
1116,0
2831,0
94,0
1330,0
5158,0
4273,0
2900,1
9214,1
5827,0
2147,0
6159,1
3607,0
8917,0
8314,0
8326,0
3247,0
3867,0
7390,0
9695,0
4841,1
4925,0
5052,0
9281,0
3228,0
3115,0
9708,0
5485,0
3826,0
6696,0
6279,1
9938,0
5610,0
9706,0
3664,0
8962,0
5355,0
957,0
5053,0
7459,0
9674,0
7209,1
9720,0
2638,0
1884,0
8355,0
9766,0
1696,0
8604,0
469,0
8227,0
7955,0
8148,0
8696,0
9296,0
1972,0
9627,0
2050,1
1948,0
6048,0
7936,0
4333,0
313,0
7679,0
9002,0
6543,0
8470,0
6012,0
9806,0
4488,0
5082,1
6442,0
6991,1
9773,0
3040,0
6847,0
9464,0
6078,0
4159,0
2657,0
4726,0
6616,0
4655,0
9987,0
8361,0
4622,0
9112,0
5382,0
6827,1
8834,0
3837,0
964,1
946,1
1438,1
5643,1
1466,0
1629,1
1089,0
9166,1
8063,0
7073,0
4615,0
310,0
7845,0
5324,0
4974,1
7219,1
5378,0
326,0
4407,0
6938,0
9483,0
6663,0
2717,0
9098,0
2089,0
1257,0
4567,0
9114,0
9295,0
3736,0
2394,0
5602,0
643,1
9646,1
5949,1
3061,0
3413,0
7455,1
4073,0
5790,0
6877,0
4637,0
2138,0
9840,0
6124,0
5226,0
8541,0
4979,0
349,0
8870,1
3018,0
4554,0
7329,0
9175,0
2356,0
8955,1
6685,0
9004,0
3907,0
7878,1
8179,0
2057,0
1196,0
8175,0
3781,0
331,0
295,0
6581,1
8096,0
5022,0
6828,0
9128,1
5979,0
1616,0
7061,0
3986,0
9209,0
4689,1
8868,0
6348,0
846,0
4599,0
1030,0
8267,0
1549,1
2962,1
895,0
6608,0
3916,0
5402,0
5322,0
9641,0
3507,0
6573,0
9386,0
9006,0
7389,0
5871,1
3411,0
1758,0
836,0
1450,1
9601,0
8032,0
475,1
5756,0
7627,0
5959,0
3540,0
6425,0
8042,1
3861,1
249,1
2195,1
3987,0
8399,0
5831,1
3569,1
3888,0
6988,0
7531,0
6982,0
4509,0
5470,0
9786,0
9171,0
1766,0
9205,0
9888,0
6311,0
2687,0
5136,0
8381,0
9780,0
3482,0
4378,0
8464,0
1681,0
8098,1
3141,1
6735,1
3311,0
8805,0
3590,0
4656,0
6117,0
9879,1
7837,1
5128,0
9432,0
5348,1
2491,0
6510,1
5974,0
7522,1
5954,0
2877,0
3806,0
719,0
9367,1
7130,0
5779,1
269,0
1279,0
9087,0
3936,0
6972,1
1521,0
6896,0
4041,0
4446,0
5599,1
6793,1
1407,0
4660,0
5145,0
7248,1
7017,1
8092,0
177,0
4182,1
3942,0
447,0
6956,0
1493,0
6499,0
4632,0
1390,0
9101,0
965,0
3910,1
2084,1
3660,0
366,0
8234,1
7789,0
3657,0
9821,0
9424,0
4132,0
9823,0
3455,0
6495,1
8533,0
6728,0
3025,0
5946,0
195,0
9832,1
9119,1
1265,1
7111,0
4093,1
6305,0
8909,0
691,0
4966,0
8247,0
8182,0
7973,0
8076,1
9620,0
1670,1
7558,1
6353,0
294,0
9969,0
8755,1
7821,0
1093,0
9724,0
5279,0
8654,0
6433,0
8497,0
4275,0
4685,0
8358,1
8542,0
1817,0
8890,1
5970,0
2504,0
7758,0
6190,0
3075,0
786,0
7435,1
8970,0
9126,1
1170,0
7754,1
4719,1
7933,0
8728,0
7347,0
4346,1
3749,0
5227,0
6634,0
6138,1
251,0
3762,0
4171,0
3912,0
3931,0
7240,0
7415,0
8763,1
7010,0
2321,0
9389,0
3799,0
6422,0
351,0
816,0
2305,0
3820,0
7787,0
9110,0
8618,0
4070,0
7444,0
8377,0
5186,0
9985,0
8459,0
667,0
5093,1
7164,0
7246,0
5537,0
7074,0
9784,1
4667,1
9298,0
7358,1
4087,0
5012,0
448,1
7836,0
874,0
9249,0
2558,0
4441,0
4423,0
3167,1
9875,0
4991,0
3795,0
2033,0
4576,0
6057,0
9374,0
2620,0
4432,0
7206,0
4712,1
855,0
5976,1
9191,0
9788,0
3551,0
9167,0
5709,0
5394,0
3829,0
2658,1
4125,0
6153,0
8233,0
2827,0
4760,0
4642,0
6065,1
6954,0
423,0
4905,0
5304,0
1653,1
2047,0
7609,0
9442,0
9521,0
483,0
1433,0
8502,0
8079,0
4662,0
5657,0
2286,0
8039,0
7300,0
1455,0
4317,0
9242,0
3022,0
4830,0
5803,0
3990,0
1262,0
1527,0
2965,0
7235,0
3431,0
6811,0
3153,0
6358,0
7651,0
3240,1
9755,0
3610,1
4845,0
4371,1
1522,0
6675,0
7439,0
759,0
5452,1
8580,0
5820,0
5683,1
4605,0
5607,0
4267,0
6804,0
4898,0
9221,1
354,0
8345,0
861,1
1010,1
6903,0
6967,0
2523,0
5352,0
2593,0
5589,1
9774,0
8552,0
2545,0
75,0
73,0
7620,0
5096,0
1531,0
9198,0
5523,0
1864,0
4992,1
4807,0
4581,0
7970,0
8852,0
9481,0
8891,0
6320,0
1976,0
2720,1
2264,0
4912,1
3877,1
519,0
6281,0
3005,0
5639,0
8972,0
4216,0
2572,0
2630,0
5329,0
5068,0
5755,0
6955,0
7976,0
1147,0
1334,0
8410,0
2548,1
716,0
3108,0
3004,0
2810,0
773,0
1492,1
733,1
2672,0
6589,0
3576,0
3152,1
3923,0
5303,0
7212,1
8788,0
2414,1
1837,1
2852,0
8184,1
9294,0
2696,0
6134,0
9763,0
8603,1
1512,0
18,0
3407,0
1541,0
1227,0
3894,0
185,0
7105,0
8110,0
228,1
9335,0
2911,0
8403,0
9339,0
8488,1
5311,0
1315,0
8613,0
3496,0
1993,1
4054,1
9907,0
9592,0
3334,0
4115,0
7161,0
318,0
5630,0
8705,0
584,1
6015,0
7259,0
1842,0
7284,0
153,0
6820,0
912,0
8365,0
3538,1
1224,0
7658,1
8343,1
8489,0
3170,1
86,1
6232,1
4981,1
9918,0
5608,0
2362,1
5084,0
5390,1
2290,0
721,1
5736,0
2112,0
7201,1
2442,0
5499,0
4064,1
5281,0
6054,1
1505,1
6010,0
968,0
2385,0
1913,0
3812,0
2954,0
5824,1
8441,0
7440,0
9357,1
305,0
1940,1
512,0
4178,0
2093,0
2834,0
5427,0
631,1
3978,0
8932,1
4947,0
2840,0
593,0
5926,1
6818,0
2923,0
7615,0
6598,0
4795,0
8977,0
788,0
5049,0
5826,0
2406,0
5423,0
9073,1
1156,0
3041,0
5067,1
2997,0
3742,0
4730,1
9851,0
5070,0
4513,0
4012,0
7822,1
2208,1
9147,0
6465,0
2313,0
2806,1
9887,0
5489,0
6021,0
8089,0
6396,0
7180,0
715,0
9001,0
7617,0
8331,0
8352,1
9950,0
1082,1
8594,0
5662,0
1319,0
7462,0
3086,0
6125,0
1447,1
3687,0
5455,1
1413,0
9283,0
5076,0
1914,0
8938,0
1032,0
7354,0
8499,0
1920,0
8695,0
789,0
2653,0
1376,1
2693,0
3405,0
6817,1
8691,0
6918,0
4480,0
8819,0
4852,0
7142,1
6868,0
5463,0
446,0
8697,0
7516,0
5134,1
9952,0
6834,0
2281,0
4526,0
971,0
8107,0
5720,0
4813,0
4793,0
4711,0
3462,0
6092,0
2118,1
8666,0
7458,0
7818,0
1872,0
866,0
3187,0
5298,0
4679,0
9941,0
8722,0
9853,0
5155,0
3478,0
2187,0
4829,0
2813,1
7696,1
8230,0
992,0
8610,0
6756,1
3650,0
4714,0
3063,0
9130,0
232,0
2550,0
8118,0
2992,0
6466,1
914,0
8068,0
4729,1
394,0
8388,1
8586,0
1342,0
6565,0
813,1
7381,1
6288,0
8813,0
4032,0
4546,0
3632,0
9679,0
1563,0
2909,0
2855,0
7705,1
3060,0
149,0
6001,1
4389,0
7879,0
6193,0
3919,0
1286,0
7152,1
9148,0
2629,1
4733,0
960,0
5784,0
8690,0
5358,0
7265,0
6646,0
2953,0
3911,0
4956,0
8591,0
4186,0
5890,0
1046,1
1008,1
3636,0
6594,1
1785,0
5726,0
2391,0
2164,0
5058,0
7216,1
8600,1
2066,0
8143,0
355,0
378,0
8965,0
3865,0
7796,0
8950,0
6559,0
3730,0
4479,0
4843,0
9555,1
2311,0
6794,0
2090,0
256,0
4406,0
575,0
5263,0
8318,0
2328,0
9762,0
568,0
4154,0
6103,0
8528,0
3219,0
4828,0
8002,0
5137,1
8198,1
5770,0
2666,0
7046,0
4277,0
8615,0
7579,0
4787,0
610,0
5809,0
7690,0
8438,1
7148,0
9122,0
6984,1
2729,0
6042,0
4200,0
4821,0
7800,1
6832,0
1225,0
3681,1
1530,0
9427,0
9935,0
3209,0
2404,1
3726,1
285,0
8935,1
465,0
3053,0
1523,0
8837,1
8393,1
1006,0
2701,0
7484,0
8565,1
2053,1
9903,0
9557,0
9398,0
2628,1
7155,1
5114,1
1107,1
7107,0
8183,0
7734,0
7388,0
3719,1
303,0
123,0
6632,0
5229,0
7303,0
4628,0
2973,1
9927,0
6119,0
1276,1
2501,0
4808,0
539,1
2229,0
7007,0
834,0
4588,0
2438,1
6430,0
7630,0
4197,1
9272,0
9676,0
9377,0
412,0
857,0
2814,0
5411,0
1212,1
1051,0
1009,0
8907,0
6331,0
8382,0
2964,0
3838,1
7254,0
5254,0
4801,0
1497,0
4015,0
3467,0
876,0
2477,1
2849,0
802,0
2136,0
3068,0
1337,0
4124,1
6885,0
9193,0
6328,0
520,1
1110,1
1875,0
6787,0
4361,1
2162,0
5548,0
6018,0
8743,0
9280,0
3598,0
3213,0
7220,0
3690,0
8827,0
2320,0
7094,0
9262,0
5794,0
1016,0
2340,1
3173,0
1270,0
3326,1
6837,0
2298,0
9757,0
9712,0
4748,1
7934,0
3182,0
7037,1
9405,1
9373,0
1903,0
2268,1
1804,0
6233,0
1930,0
4977,0
959,0
3495,0
9749,0
5312,0
6686,0
6135,0
7515,0
8139,0
9678,0
1938,0
2214,0
6393,0
1341,1
3558,0
3774,1
792,0
4618,0
728,0
7507,1
5633,0
7610,0
2971,0
8551,0
502,1
5013,1
6469,0
9081,0
5270,0
8044,1
479,0
8750,0
4531,0
4971,0
7132,1
5315,0
4199,0
7605,0
7323,0
4160,0
5612,0
307,0
3198,0
3953,0
9337,1
7263,0
2723,0
8294,0
7080,1
9898,1
9813,0
5301,0
5962,1
7398,1
5601,0
2899,0
3807,0
7101,0
8213,0
6532,0
2135,1
2848,0
8754,0
5846,0
4910,0
9331,0
4396,0
1722,0
4331,0
3985,0
1691,0
5704,1
9554,1
5836,0
2981,0
9589,0
2919,0
2003,0
7863,0
9026,0
1592,0
2004,0
3016,0
3896,0
6833,0
7032,0
7534,0
4217,1
9999,0
206,1
6680,0
2386,0
3692,0
2012,0
5617,1
1331,0
9027,0
8041,1
6658,1
1753,0
811,0
4009,0
5126,0
858,0
91,0
2419,0
6557,0
6418,0
5127,1
6028,1
4720,0
1805,0
4872,0
7956,0
9874,0
6910,0
830,0
6294,0
1851,0
306,1
1865,0
5371,1
3112,1
2958,0
4915,0
8803,0
6489,0
6547,0
917,0
7684,0
8210,0
9873,0
1701,1
1117,1
8129,0
8874,0
9274,0
404,0
4950,0
7613,0
8637,0
4311,1
3677,0
3183,0
8467,0
344,0
3885,1
7576,0
4786,0
7997,0
8538,0
4313,0
1655,0
2451,0
6848,0
5406,0
9292,0
9040,0
5188,0
6151,0
9608,0
1402,0
4887,0
7645,0
561,0
3314,1
5578,0
5702,0
2287,0
3778,0
983,1
1866,0
5828,0
5549,0
4803,0
308,1
2562,0
419,0
6195,0
7564,1
8547,0
9063,0
737,0
1178,1
9159,0
5440,1
6849,0
7104,0
6372,0
4903,0
937,0
6073,0
3686,0
8516,0
795,0
6476,0
246,0
4282,0
9246,0
9657,0
3038,0
8794,1
1203,0
6562,1
4517,0
2188,0
5900,0
5320,0
9995,0
3163,1
8617,0
9225,0
6514,0
8409,0
4789,1
956,0
3501,0
6472,1
1745,0
9556,1
5792,0
2032,1
6813,0
493,1
9284,0
2396,0
7667,0
8369,1
6444,0
9058,0
5929,0
9448,0
2913,0
8116,1
9178,0
6526,0
1636,0
945,0
3893,0
4286,0
1199,0
1760,1
4894,0
8376,1
6638,0
296,0
9577,1
904,1
560,0
7247,1
717,0
2452,0
3651,0
8619,0
1776,0
9587,0
9501,0
5284,0
6944,0
4187,0
8080,0
3847,0
1216,0
6094,0
141,0
1380,0
8033,0
4351,0
9602,1
1233,0
6352,0
431,0
3089,0
8374,1
4232,0
2632,0
9139,0
2251,0
6363,0
4150,0
470,0
828,0
4079,0
5344,0
573,1
1124,1
9160,0
2800,0
6690,0
9080,0
5904,1
2347,1
7298,0
9775,0
6049,0
4464,0
1293,0
5006,0
4332,1
4877,0
348,0
9891,0
2358,0
9103,0
5981,0
2177,0
90,1
4089,0
4955,0
1356,0
6230,0
9326,1
3815,0
4326,0
270,0
5510,1
7503,0
2152,1
9569,0
6974,0
4447,1
6337,0
1625,0
4383,0
2829,0
4241,0
2160,0
535,1
9761,0
8166,0
4279,0
1454,1
501,0
3310,0
140,0
3967,0
9048,0
1815,0
4236,0
1165,0
4016,0
7096,1
5343,0
3127,1
5017,0
566,1
5636,0
8494,0
4219,0
4022,0
5107,0
5369,1
2979,0
8412,1
7465,0
6283,0
5707,0
8131,0
468,0
9404,0
3905,0
6593,0
9407,0
7727,0
4515,0
7304,0
6516,0
5476,1
4259,0
6519,1
8514,0
1200,0
3246,1
127,1
5808,1
3327,0
3088,0
4006,0
6046,0
5025,1
6920,0
273,0
5214,1
6247,0
9023,0
362,0
2692,0
3059,0
3395,0
5138,0
5381,0
8262,0
2507,0
9236,0
9855,0
3647,0
9359,1
6551,0
1728,0
2068,1
7255,1
5230,0
2116,0
7648,0
9400,0
435,0
1739,0
4708,0
4924,0
3776,0
9351,0
3821,0
7287,0
5848,0
1034,0
4449,0
2361,0
4144,0
9299,1
8362,0
6763,0
3386,0
6778,0
2596,0
6315,1
1007,0
8146,0
1711,0
2297,0
4164,0
6721,0
5884,0
1506,0
1883,0
2705,0
9210,1
216,0
5772,0
3099,0
3165,0
7898,0
6480,0
5796,0
5385,1
4961,0
9726,0
6317,0
1021,0
2847,1
9683,0
5149,0
7988,0
486,0
8292,0
9177,0
9924,1
5045,0
117,0
9949,0
1529,0
3011,0
147,0
1699,0
4804,0
9911,0
3212,1
5361,0
3962,0
3360,0
4170,0
5079,0
1801,0
8387,0
6909,0
8454,0
7495,0
7987,0
6475,1
4630,0
5146,0
7447,0
4183,0
6678,0
1713,0
3788,0
7186,0
6158,0
5360,0
3816,0
7545,0
6032,0
1720,0
638,0
2555,0
5625,0
548,0
2016,0
7671,1
6035,0
4994,1
7560,0
4165,0
9976,0
2067,0
5917,0
1423,0
8305,1
2799,0
702,0
1939,0
7753,0
9307,0
7463,0
2561,0
2733,0
9942,0
4078,0
8216,0
645,1
3948,0
3941,1
6867,0
7068,1
7489,0
3244,0
3149,0
373,0
9276,1
1215,1
7268,0
8546,0
4935,0
3715,1
9787,0
200,0
1058,0
5885,0
6093,0
3524,0
6462,0
4278,0
2352,1
7869,1
751,0
484,1
8658,0
3509,0
5972,1
1361,0
9718,1
8876,1
650,0
1773,0
1721,0
4824,0
1845,1
5504,0
8221,1
1751,0
4600,0
5851,0
851,1
5310,1
3446,0
7338,1
943,0
1177,0
2669,0
3642,0
840,1
4855,0
9771,0
3369,0
7624,0
3020,0
7742,0
3296,0
1415,0
196,0
330,0
3851,0
8339,0
136,0
3106,0
4177,0
7873,0
4235,0
9698,0
6014,1
7282,1
4128,0
6901,0
8905,0
4840,0
108,0
7198,0
9542,0
7277,0
1829,1
3562,1
8460,1
1768,0
4152,0
4683,0
3343,0
6081,1
8248,0
9831,1
8947,0
2038,1
8510,1
5478,0
3239,0
5699,0
7656,0
4373,1
3073,0
3627,0
3433,0
9933,0
6260,0
7286,0
8983,0
8416,0
8433,0
7598,1
4706,0
5416,0
3283,0
985,0
6326,0
6365,1
214,0
3224,1
2552,0
5780,0
678,0
6269,0
1291,0
1779,0
3615,1
4320,0
5727,1
6618,0
9926,0
7383,1
3150,0
1253,0
9732,0
3062,0
7226,0
3717,0
7116,1
4980,1
9394,0
2566,0
818,0
7022,1
8378,1
6143,0
2522,0
8003,1
6273,1
6039,0
8115,0
6276,1
9077,0
3672,0
6090,0
8217,0
7663,0
8992,0
7018,1
2805,1
5183,0
2597,0
227,1
6356,0
4737,0
8197,0
9278,0
3654,0
3254,1
139,1
508,0
1,0
8694,0
7968,0
1528,0
5117,0
6970,0
4095,0
6381,0
9716,1
5354,0
9638,1
4405,0
4498,0
8134,0
4556,0
8529,0
4472,0
9138,1
4272,0
8269,1
562,0
2296,1
2508,0
8103,1
1496,0
5166,0
8647,0
2872,1
9172,0
1378,0
2869,0
1645,0
5682,0
5043,0
8517,0
8543,1
1347,0
122,0
8031,0
683,0
8299,1
1328,1
4604,0
5048,0
3695,0
504,0
1427,1
3917,1
1666,1
3823,0
8566,1
6899,1
8817,0
5646,1
7841,1
3445,0
9206,1
9506,0
7446,0
7640,0
6764,0
9277,0
7784,0
8792,0
1175,0
850,0
8712,0
6268,0
9117,0
542,0
3250,1
56,0
3900,0
863,0
4676,0
1157,0
7189,0
666,0
4631,0
779,0
9964,0
9120,0
8481,0
5557,0
9142,0
8721,0
174,0
2210,0
7138,1
9074,0
6936,0
243,1
6591,0
1688,0
3992,0
7802,0
4593,0
5141,0
9895,1
1834,0
2250,0
8359,1
1245,1
7326,0
1052,0
5705,0
7143,0
0,1
3384,0
2429,0
8943,0
5563,0
9800,1
8238,0
2041,0
9748,1
5742,1
9584,1
1391,1
4489,0
8675,0
5553,0
8222,0
170,0
4158,0
1757,1
2076,1
6254,0
4246,0
9469,0
4315,0
6942,0
8024,0
5635,0
1387,0
4590,0
4445,0
9102,0
2770,0
5932,0
2830,0
9544,0
899,0
3751,0
2157,0
9480,0
6047,0
6875,1
4021,1
1191,0
450,0
5622,0
1990,0
6327,0
143,1
659,0
9844,0
3814,0
9920,1
1609,0
2655,0
4101,0
2584,0
8173,0
8884,1
5132,0
3549,1
3547,1
7202,0
157,0
9363,0
9778,0
4594,0
107,0
5514,1
5341,0
8572,0
6810,0
259,0
3342,0
1236,0
3450,0
5882,1
7215,0
8912,0
7131,0
2072,0
1249,0
7810,0
5193,0
4902,0
6801,1
1632,0
9792,0
7470,0
6624,0
1678,0
7730,0
5982,0
8419,0
6222,0
6131,1
2437,0
7840,0
6175,0
6206,0
1901,0
3448,0
8812,0
7901,0
6184,1
9484,0
4435,1
6412,1
679,0
7499,1
1689,1
1663,1
6308,1
2418,1
6766,1
4322,0
2922,0
1624,0
7407,0
9143,0
4202,0
991,0
3761,0
1403,0
7115,0
8982,0
7296,0
3567,0
7225,0
5716,0
7820,0
4967,1
9808,0
2272,1
1099,0
4413,0
402,0
4352,0
8793,0
4562,0
3146,1
6700,0
8338,0
1080,0
7172,0
4167,0
8683,1
489,0
2987,1
311,0
5999,0
1042,1
3921,1
6164,0
40,0
1664,0
7774,0
2665,1
8865,0
4746,0
8744,1
7050,0
5448,1
870,0
8908,0
6676,0
1218,1
5122,0
3264,0
6033,0
826,0
8482,0
8632,0
8532,1
8531,1
3697,0
2478,0
710,0
6957,0
7962,1
7595,0
3226,0
1031,0
9154,0
675,0
955,0
266,0
1606,0
3279,0
9475,0
9798,0
9997,1
7861,0
6649,0
9865,0
982,0
8188,0
9904,0
2797,0
6194,0
9164,0
1498,0
9182,0
5290,1
3780,1
5388,1
1306,1
7379,0
133,0
8875,0
9447,1
906,0
3560,1
8484,1
350,0
4715,0
5280,1
8363,1
9473,1
5061,0
1706,0
4644,0
7290,0
4490,0
3297,0
3670,0
7834,1
5905,0
7075,0
4471,1
9279,0
9007,0
5073,0
3215,0
5958,0
8171,1
4547,1
9306,0
5139,1
2240,0
7597,0
4601,0
6803,1
7544,0
7546,0
4598,0
6520,0
7071,0
26,0
5396,0
8642,0
660,0
401,0
1327,0
4779,1
8458,0
6929,1
8820,0
346,0
2094,0
7731,1
2627,0
7122,0
1536,0
1095,1
278,0
9364,0
8260,0
2375,0
4560,0
3243,0
4328,0
2529,0
6747,0
5173,0
13,0
9343,0
975,0
7674,0
3572,0
9993,0
1015,1
5945,0
7103,1
9409,0
324,0
5853,1
6806,0
1700,0
8679,1
3048,0
7600,0
4586,0
9268,0
2915,1
8462,0
7196,0
3595,0
3546,0
6026,0
8025,0
6235,0
6142,0
1657,1
8729,0
8659,0
2961,0
6934,0
6286,0
9105,0
536,0
4744,1
9507,0
8662,1
2726,0
1844,0
3787,1
3988,1
1136,0
7638,0
3635,0
5818,0
7369,0
5264,1
5438,0
4518,0
8428,0
6038,0
1332,0
3853,0
4814,0
9436,0
8255,0
4739,0
1968,0
9384,1
529,0
3711,1
7258,1
8724,0
4773,0
2905,0
4442,0
8629,0
4043,0
7676,0
5370,1
8083,0
4557,0
6839,0
7960,0
4269,0
4700,0
8933,0
5074,0
2509,1
8295,0
3832,0
9765,0
9632,0
8486,1
151,1
4609,0
4243,1
7984,0
6882,0
2603,0
3977,0
1072,0
2006,0
6729,1
5525,0
8244,0
9304,0
4584,0
6783,0
4954,0
2974,0
9772,0
9330,0
5785,0
9385,0
8500,0
6699,0
8122,1
8112,0
507,0
3245,1
9471,0
4928,0
3439,0
7990,0
9605,0
3267,0
9779,0
8597,1
400,0
1737,0
8095,1
6154,0
41,1
515,0
5237,0
8054,1
1761,1
6870,0
6181,0
9207,1
4529,1
6452,0
2469,1
6704,1
1324,0
4484,0
3270,0
8757,0
5912,0
6213,0
3434,0
6719,0
8391,0
8993,0
4113,0
183,0
169,0
6217,0
7059,0
7250,0
9257,0
9753,0
6550,1
2586,0
8767,0
1053,0
6321,0
1142,0
8120,0
4864,1
4133,0
7475,0
3174,0
7902,0
1559,0
6774,1
8199,0
2145,0
1598,1
4390,1
3276,0
2324,0
4443,0
5759,0
361,1
8239,0
8446,0
1098,0
7404,0
5953,0
7949,1
8746,0
4283,0
9282,0
5118,0
5059,0
7965,1
8752,0
3447,1
5297,1
3944,0
1605,0
2434,1
1570,1
3737,0
8631,0
7077,0
49,0
6270,0
5873,1
1269,0
4051,0
2205,0
4425,0
9714,0
4932,0
7275,0
5568,0
4325,0
2104,0
8825,1
1223,0
4131,0
458,1
2266,1
1923,1
7353,1
8589,0
3109,1
2345,0
6296,0
5576,1
7811,0
1703,0
9309,0
2470,0
1702,0
3555,1
4069,0
6405,0
2261,0
4494,0
2716,0
9682,0
4466,0
1694,0
6796,0
5985,0
6417,0
600,1
9305,0
2409,0
356,0
6106,0
9392,0
9884,1
4891,0
6825,0
1481,0
7524,0
1935,0
7036,0
8005,0
3427,0
3380,0
2463,0
7760,1
5143,1
7601,0
5841,1
1596,0
4036,1
3118,0
38,0
9093,0
4837,0
2996,0
6661,0
5191,0
3675,0
5806,0
2560,1
4523,0
5429,0
181,0
4252,0
8268,0
6451,0
7315,0
7409,0
5745,0
9452,0
9431,0
7838,0
3656,1
8256,0
6013,0
8136,0
8099,0
3337,1
182,0
3131,0
7432,0
3235,0
7512,0
7038,0
8796,0
8291,0
1814,0
7203,0
6529,0
250,0
9661,0
7688,1
2194,0
4970,0
4301,0
801,0
7719,0
4305,1
844,0
3631,0
7285,0
1372,0
47,1
6434,0
4048,0
3065,0
5464,0
5224,0
8019,0
154,0
951,0
1143,0
3370,1
6916,0
8498,0
7746,0
29,0
69,0
6144,0
4102,0
9312,0
8934,0
8703,0
2349,1
2344,1
5821,1
1158,1
5654,0
9795,0
4883,0
3412,0
5482,0
4392,0
4669,1
4071,0
4308,0
5024,1
6706,0
634,1
4293,0
5966,0
8900,0
2161,0
7322,1
7947,0
6275,0
3982,1
4162,0
6922,0
8816,0
1005,1
3541,0
9580,0
7422,0
6455,0
9591,0
8523,1
7082,0
9024,1
260,0
9822,0
2206,0
3577,0
8693,1
4574,0
8882,0
4035,0
8246,0
9263,0
2535,1
1744,0
2002,0
725,0
4116,0
657,0
1047,1
6743,1
8504,1
6347,0
6666,0
4060,0
7386,0
2294,0
6188,1
1274,0
6597,0
8181,0
6518,1
781,0
4493,0
4288,0
2127,0
2662,1
6002,0
5415,0
5719,0
6694,0
5751,0
9185,0
5176,0
7755,0
432,0
3543,1
277,0
5492,0
3184,1
6274,1
2938,0
6370,0
9633,0
6322,0
3178,0
4564,0
1360,0
4520,1
2184,0
9029,0
6977,0
7477,1
1026,0
3161,0
5426,0
5204,0
2309,1
3637,1
7819,0
5477,0
3185,1
2876,0
7775,0
3330,0
8091,0
9350,0
4416,0
708,0
8735,0
4019,0
9537,0
9523,0
3318,0
5875,0
4920,0
9648,0
2748,1
7451,0
1942,0
8072,1
87,0
2518,1
1468,1
2568,1
3102,0
5008,0
3704,0
5314,1
7420,0
6687,0
4382,0
6931,0
4822,1
6823,1
3072,0
7686,0
1339,0
2339,0
686,0
8815,1
5481,1
8422,1
5908,1
522,0
2181,1
7127,0
2744,0
2303,0
8680,1
8802,0
6406,0
3440,1
8877,0
7297,0
5965,0
3968,0
5687,0
7779,0
9285,0
4140,0
6289,1
652,0
8313,0
302,0
1374,0
9883,0
1910,0
9146,0
4833,0
9827,0
6999,1
2534,0
1023,0
1101,0
2927,0
2924,0
932,0
6127,0
7042,0
2925,0
1180,0
2233,0
9013,0
8187,0
9417,0
8844,0
6354,1
764,1
8681,0
4393,0
3620,0
8833,0
4983,0
886,0
4470,1
7599,1
9859,1
2565,0
1231,0
1749,1
4067,0
635,0
7097,0
1608,0
7264,0
9010,1
4638,0
3049,0
3111,0
9670,0
338,1
8537,0
6781,0
4134,0
5135,0
436,0
8997,0
3886,0
1876,1
5250,0
5095,0
6220,0
9375,1
4191,0
7162,0
1508,0
7417,0
4257,0
1220,0
4052,0
1354,1
5648,0
482,0
8425,0
3889,0
7279,0
5497,0
5868,0
4820,0
4815,0
9515,0
2520,1
6795,0
2940,0
8508,0
4482,0
6180,0
2113,0
8335,0
8450,0
7920,0
8671,1
1943,0
7518,0
2941,0
998,0
9919,0
5632,1
2842,1
7781,0
9014,0
953,0
9150,0
2914,0
1239,0
4749,0
158,0
5225,0
7631,0
911,0
7982,0
2209,0
5305,0
8981,0
1141,0
5260,0
7088,1
753,0
9420,0
2071,0
2117,0
7884,1
817,1
2031,0
2380,0
3196,0
2918,1
145,0
7794,0
4059,0
5443,0
9864,0
7158,1
3503,0
5037,0
3426,0
5313,0
4666,0
3217,0
1209,0
651,0
6209,1
1622,0
3435,0
473,0
4262,0
6653,0
4595,1
2219,0
230,0
7177,0
4193,0
9534,0
7020,0
3419,0
2221,1
8627,0
6427,0
9546,0
7502,1
5350,1
9497,0
656,0
752,0
3123,0
7685,0
6830,0
4234,0
4727,0
5773,0
4716,0
5094,0
6601,1
5712,1
4123,0
2698,1
3604,0
1525,0
172,1
8779,0
5700,1
6788,0
5810,0
3452,1
4823,0
1241,0
9108,0
3500,0
3188,0
9889,0
624,0
6560,0
1145,0
9260,0
5728,0
7892,0
7030,0
740,0
3756,0
1048,0
7493,0
5308,0
2966,1
4713,0
282,1
7163,0
1460,0
9807,0
9597,0
4959,0
2494,0
4220,1
6017,0
3375,1
3156,1
1345,0
2228,0
7832,1
408,0
3925,0
7414,0
7969,1
2185,0
9796,0
6672,0
7994,1
2634,1
1752,0
3064,0
4033,1
8711,0
2020,0
4398,0
205,0
9625,1
37,0
2146,0
2444,0
5109,0
4761,0
1934,0
9088,1
2902,0
868,1
459,0
8713,0
7739,0
4436,0
8606,0
286,0
7236,0
5597,0
3425,0
241,0
8645,0
1821,0
8332,0
8866,0
5165,0
8734,1
7325,0
55,0
8614,0
4057,0
2635,0
3402,0
5336,1
2000,0
5347,1
636,0
1465,0
3959,1
8298,1
9614,0
2472,0
1526,0
3939,0
9665,0
4386,0
7853,1
8327,0
1924,0
9909,0
5124,0
7813,1
2887,0
175,0
4738,1
2626,0
7858,0
7931,0
8415,0
78,0
4420,0
2993,0
3302,0
9630,0
9487,0
376,1
7376,0
1264,0
456,0
3424,0
8280,0
3046,1
9245,0
2934,1
5169,0
3207,0
8640,0
9565,1
9535,0
8200,1
2105,0
5766,0
9574,0
6163,0
676,0
2459,1
7678,1
6447,0
5011,1
526,0
3052,0
3199,1
4817,0
6980,0
5529,0
1874,0
7616,0
9669,0
3579,0
9923,0
6122,1
6752,0
4098,0
7346,0
5840,0
3712,0
7045,0
4090,0
5506,0
7612,0
9453,0
2944,0
3797,1
2292,0
27,0
2888,0
4674,0
9255,1
8432,1
5201,0
274,0
2392,0
9421,0
9688,0
2103,0
8397,1
907,1
3897,0
7629,1
4788,0
4163,0
83,0
57,0
7828,0
6862,0
7333,0
1857,0
9905,1
3458,0
4053,0
1709,0
7817,0
9503,0
962,0
9642,0
1634,0
1870,0
6614,0
4890,0
1830,0
359,0
2991,0
2817,0
8559,0
2043,0
7453,1
6572,0
6227,0
2553,1
3542,0
7060,0
8194,0
933,1
7833,0
747,0
2275,0
531,0
1937,0
7669,0
3470,0
8583,0
1307,0
6034,0
8764,0
1730,0
7654,0
5399,0
2172,0
6031,0
3981,0
3601,1
4984,0
3834,0
8108,0
3862,0
5034,0
848,0
7460,0
8804,0
5060,0
9892,0
8105,1
7780,0
4001,1
2365,0
5596,1
2037,1
2462,1
7355,0
2920,0
7537,0
4492,0
7448,1
51,0
3262,1
5919,0
4790,0
2575,1
1560,0
201,0
7872,0
4297,1
3786,1
6736,1
6416,0
4092,0
9224,0
3970,0
1958,0
2021,0
9596,0
6395,0
1718,0
6770,0
4765,0
8648,1
1550,0
9914,0
3623,0
4198,1
1911,0
4256,0
4500,0
7457,1
9677,1
2278,0
2165,0
4224,1
2844,0
4034,0
2387,0
3315,0
3359,0
7028,0
9841,0
6714,0
9456,0
6443,0
4879,1
6808,0
5035,0
1826,0
695,0
1921,1
2618,0
705,1
3486,0
6641,0
3634,0
8492,0
9906,0
2065,0
9228,0
4580,0
5039,0
2936,0
9314,1
1787,1
2224,0
8708,0
9709,0
7174,0
7736,0
7964,0
3728,0
1517,0
9986,0
109,1
2447,0
9916,0
1951,1
3946,0
6224,0
699,0
6319,0
3741,1
1950,1
9486,0
1601,0
3444,0
1862,1
1267,0
8726,1
8034,0
5321,0
1444,0
2854,0
2212,0
4229,0
8699,0
8946,0
9124,0
7915,1
3526,0
9930,0
3592,1
1928,1
1359,0
7205,0
8828,0
592,0
4188,0
8880,1
9458,0
3600,1
8282,0
2110,1
1081,0
5672,0
1803,0
7910,0
99,0
3093,0
7991,0
8634,0
5762,0
1919,1
3136,0
8897,1
5403,0
6711,0
5328,0
930,0
9069,1
3186,0
2170,0
8336,1
7064,0
4429,1
9547,0
6805,0
5271,1
4908,1
1575,0
2262,1
8978,0
6917,0
9817,0
8208,0
1585,0
2267,0
460,0
1960,0
9021,0
342,0
1406,0
8811,0
1899,0
377,0
291,0
8075,1
7314,1
2608,0
570,0
810,0
4647,0
5473,0
2393,1
4327,0
7948,0
1782,1
3491,0
1763,0
5517,0
7063,0
5940,1
5418,0
9893,0
2052,0
3035,1
8215,1
3373,0
3924,0
2994,0
1297,0
4563,1
5947,0
5859,0
480,0
8219,0
1348,0
1311,0
6070,0
2223,0
6068,0
9508,0
7539,0
7133,0
8759,0
6946,0
1190,0
1487,1
5106,0
5907,0
4945,0
9559,0
7222,0
9333,0
1197,0
2171,0
3871,0
3003,0
2777,1
5359,1
7330,0
1904,0
8974,0
3767,0
4988,1
5561,1
9694,0
6312,0
5055,0
6244,0
6841,0
2239,1
1687,0
1679,0
5334,0
3840,1
2643,0
4434,0
1393,0
3218,0
2489,0
6570,0
2192,0
760,0
1056,0
1944,0
6223,0
4017,1
6613,0
8682,0
1470,0
2379,0
3465,0
4799,1
3349,1
5211,0
4266,1
272,0
7002,0
7243,0
6563,0
1163,0
1705,0
6200,0
17,0
7835,0
4203,0
5996,0
6380,1
1735,0
7666,0
6413,0
4433,0
4365,0
461,0
6203,0
9747,1
492,0
6715,0
1192,1
9703,0
7749,1
1431,0
739,0
70,1
6155,0
7182,0
4419,0
6128,0
2074,1
6671,0
5987,0
6386,1
6871,1
8195,0
7245,0
4973,0
3451,0
3469,0
8263,0
2623,0
8214,0
505,0
7806,0
3565,0
3119,1
22,1
7647,0
2329,0
7650,0
7406,0
2402,0
625,0
3926,0
6631,0
9901,0
894,1
8555,0
5221,0
199,0
9474,0
9056,1
6670,0
3058,0
9134,0
3166,1
6428,1
8186,1
3135,0
4461,0
7639,0
1539,0
430,1
3693,1
3017,0
6043,0
7677,0
496,0
8013,0
2757,1
9061,0
9857,0
1978,0
7452,0
9065,0
4635,0
690,0
3707,0
4851,0
2480,0
4885,0
3313,0
5805,0
5895,0
8424,1
4758,0
6040,0
8737,0
341,0
9100,0
5641,0
1966,0
3355,0
9689,0
8274,0
5184,0
8869,0
7938,0
5863,0
8048,0
6775,1
7261,0
5235,1
7301,0
622,0
5651,0
2793,0
2169,0
7918,0
703,0
5543,0
9963,0
9054,0
5494,1
5015,0
5046,0
3899,0
2741,0
5571,1
1507,0
4602,0
389,0
762,1
3708,0
2884,0
329,0
2397,0
7703,0
1789,0
5373,0
8226,0
821,0
5957,0
8479,0
3943,0
5257,0
6084,0
6884,0
581,1
1104,0
5000,0
5307,1
2080,1
1439,0
1684,0
1558,0
4310,0
2533,0
6792,0
9338,0
2856,1
4454,1
6703,1
416,1
3796,0
1602,1
3356,0
7870,0
4692,0
4501,0
8036,0
2495,1
3866,0
60,0
2255,0
7894,1
8980,0
4985,0
1118,0
5550,0
7958,0
4104,1
5845,0
5921,0
7310,1
713,0
7099,0
3561,0
7527,0
6948,1
8372,0
1258,0
9116,0
3881,0
936,1
455,0
538,1
9066,0
268,1
7231,0
5410,0
4861,1
545,0
3331,0
6262,1
9450,0
7722,0
8605,0
9686,0
6318,1
4496,0
6392,0
8285,0
1524,0
7239,1
9199,1
2023,0
126,1
2201,0
7699,0
5016,0
7636,1
4731,0
8635,1
3132,0
2578,0
3860,0
4321,0
1649,0
7095,1
6857,1
2483,0
8626,1
8700,0
8224,0
7887,0
6182,0
6173,0
8006,0
5325,1
2880,1
3367,1
2819,0
180,0
2871,0
1282,0
2046,0
4360,0
2174,0
8911,0
3892,0
8487,0
3963,0
8986,0
4756,1
3665,0
4591,0
4201,0
5746,0
3306,0
922,1
4007,0
6546,0
5616,0
2557,0
3121,0
7554,1
1326,0
3273,1
9107,0
9617,0
8423,1
2778,0
9413,0
2751,0
2917,1
6085,1
1100,0
9449,0
6688,0
7391,0
687,1
9834,1
2599,0
7790,0
4703,0
5880,0
6582,0
3092,0
4904,0
4636,0
6139,0
4028,0
5397,0
2625,0
8281,0
7424,1
7864,0
2446,0
113,0
1235,0
7454,0
7908,0
191,0
9799,1
3839,1
2341,0
5255,1
2945,1
5594,0
16,1
3295,0
7384,0
4344,0
3261,0
6733,0
4166,1
6943,0
2747,0
1557,1
2159,0
1755,1
4976,0
5353,1
1759,0
4867,0
9504,0
2425,0
2999,0
4050,0
672,0
4610,0
9440,1
7793,0
2654,1
6477,0
7294,0
1662,0
1128,0
7427,0
3937,0
6086,0
2289,1
9037,1
3940,1
3078,0
9619,0
9297,0
8553,0
9084,1
7229,0
5182,1
7087,0
9253,0
8206,0
6309,0
1543,0
9570,0
3622,0
7568,0
5722,0
3084,0
8656,0
6583,0
3358,1
5533,0
2490,0
4550,0
6621,1
8801,1
7249,0
8325,0
8485,0
7187,0
3101,0
4982,0
5971,0
3573,0
7207,0
881,1
3875,0
2543,0
8522,0
2838,0
7341,1
5009,0
8102,0
1594,0
7587,0
1639,0
544,1
5338,1
6895,1
1771,0
3054,0
639,0
2512,0
8113,0
2191,1
9342,0
6382,0
6773,0
924,0
2878,0
8142,0
4343,1
2621,0
1132,0
6481,0
6483,0
6115,0
604,0
6052,0
6962,0
8936,1
6359,1
9921,0
6566,0
6364,0
3026,0
1891,0
454,0
3393,0
5747,0
4451,0
1305,1
5088,1
757,0
3082,1
5421,0
194,0
5306,1
4951,0
3365,1
731,0
1795,0
5660,0
5189,0
7280,0
4421,0
7044,0
612,0
9047,0
9528,0
3574,0
5461,0
5731,1
4355,0
4718,0
441,0
2843,0
8473,0
8599,0
4538,0
6701,0
2947,0
5530,0
1675,0
1731,0
2622,0
9988,0
8878,1
5650,0
9123,0
8121,0
8749,0
6802,0
3287,0
8209,0
2563,0
8673,1
4671,1
3512,0
1230,0
5879,0
763,0
1452,1
4231,0
9713,0
1514,0
8652,0
7244,0
1994,1
4648,1
5318,0
5342,0
7233,0
4486,0
4173,0
7661,1
6202,0
424,0
1401,0
2528,0
6640,0
7799,0
4004,0
1343,0
5484,1
4184,1
9190,0
9011,0
8515,0
1996,1
4862,0
3956,0
321,0
1510,0
9028,0
979,0
3997,0
9635,1
3505,0
3387,0
8463,1
4142,1
5206,0
9325,0
1669,0
2541,1
2863,0
2241,1
9968,0
3700,0
9059,0
3914,0
1902,0
7569,0
2587,0
438,0
6284,1
1222,0
9230,0
1111,1
262,0
9438,1
6027,0
5474,0
9705,0
2521,0
2709,0
8534,0
7224,0
7913,0
5036,0
9729,0
4626,0
1329,1
7992,0
6578,0
8887,1
9573,0
3258,0
8747,0
1153,1
6087,1
950,0
4455,0
3316,1
8447,0
7950,0
8582,0
8563,1
1389,1
7750,0
8172,0
4507,0
7147,0
6628,0
9610,0
9018,0
1442,0
4939,1
2624,0
837,0
3971,0
9896,0
588,0
6113,0
2338,0
4309,1
1382,0
3252,0
8028,0
2428,0
4195,1
1159,0
7344,0
6077,0
6648,0
6740,0
9998,1
39,0
6484,0
1847,1
7985,0
1092,1
3325,0
2894,0
1363,0
3481,0
111,0
6368,1
942,1
5664,1
4169,0
4143,0
6782,1
6257,0
96,0
5857,1
7382,0
9785,0
7763,0
5218,0
1346,0
3582,0
